Code,smiles,MW,LogP,NumHDonors,NumHAcceptors
CHAL,Nc1ccc(C(=O)/C=C/c2cccnc2)cc1,224.26300000000003,2.5599000000000007,1.0,3.0
CHAL,O=C(/C=C/c1ccc(OC(F)(F)F)cc1)c1cc(Br)cc2cc(-c3ccccc3)oc12,487.27100000000013,7.657000000000004,0.0,3.0
CHAL,COc1ccc(/C=C(\C)C(=O)c2cc(OC)c3c(c2)OCO3)cc1N,341.3630000000001,3.3009000000000013,1.0,6.0
CHAL,Cc1cc(O)c(C(=O)/C=C/c2ccccc2)cc1C,252.31300000000002,3.905140000000002,1.0,2.0
CHAL,CCc1nnc2c(Nc3ccc(C(=O)/C=C/c4cc(OC)c(OC)c(OC)c4)cc3)nc3ccccc3n12,509.56600000000026,5.505400000000005,1.0,9.0
CHAL,COc1cc(/C=C/C(=O)c2cc(OC)ccc2O)cc(OC)c1,314.33700000000005,3.3141000000000025,1.0,5.0
CHAL,COc1c(CC=C(C)C)cc(C(=O)/C=C/c2cccnc2)c(O)c1CC=C(C)C,391.5110000000002,5.709300000000006,1.0,4.0
CHAL,COc1ccc(/C=C2\COc3cc(O)ccc3C2=O)cc1,282.295,3.0595000000000017,1.0,4.0
CHAL,O=C1/C(=C/c2ccc(O)cc2)COc2cc(O)ccc21,268.268,2.756500000000001,2.0,4.0
CHAL,COc1ccc(-c2cc3cc(Br)cc(C(=O)/C=C/c4ccc(F)cc4)c3o2)cc1,451.29100000000017,6.906100000000003,0.0,3.0
CHAL,Nc1ccc(C(=O)/C=C/c2cccc3ccccc23)cc1,273.33500000000004,4.318100000000003,1.0,2.0
CHAL,COc1ccc(C(=O)/C=C/c2cn(C)c3ccc(C(=O)c4cc(OC)c(OC)c(OC)c4)cc23)cc1OC,515.5620000000004,5.348400000000006,0.0,8.0
CHAL,O=C(/C=C/c1ccccc1)c1cc(Br)ccc1O,303.15500000000003,4.050800000000002,1.0,2.0
CHAL,Cc1cc(C(=O)/C=C/c2ccccc2)c(O)c([N+](=O)[O-])c1,283.283,3.504920000000002,1.0,4.0
CHAL,Cc1ccc(O)c(C(=O)/C=C/c2ccccc2)c1,238.28600000000003,3.596720000000002,1.0,2.0
CHAL,O=C(/C=C/c1ccccc1)c1cc(Br)cc(Br)c1O,382.05100000000004,4.813300000000003,1.0,2.0
CHAL,COc1cc(C(=O)/C=C/c2ccccc2)ccc1O,254.28500000000003,3.296900000000002,1.0,3.0
CHAL,CCc1nnc2c(Nc3ccc(C(=O)/C=C/c4ccc(OC)cc4)cc3)nc3ccccc3n12,449.5140000000002,5.488200000000004,1.0,7.0
CHAL,CC(C)(C)CCOc1cccc(O)c1C(=O)/C=C/c1ccc(O)cc1,340.41900000000004,4.808900000000006,2.0,4.0
CHAL,COc1cc(O)ccc1C(=O)/C=C/c1ccc(O)cc1,270.284,3.0025000000000013,2.0,4.0
CHAL,O=c1c(OC2OCC(O)C(O)C2O)c(-c2ccc(O)cc2)oc2cc(O)cc(O)c12,418.35400000000016,0.39459999999999945,6.0,10.0
CHAL,O=c1cc(-c2ccc(O)c(O)c2)oc2cc(O)cc(O)c12,286.23900000000003,2.2824000000000004,4.0,6.0
CHAL,COc1c(-c2ccc(O)c(O)c2)oc2cc(O)cc(O)c2c1=O,316.26500000000004,2.291000000000001,4.0,7.0
CHAL,CCN(CC)c1ccc2cc(/C=C/C(=O)c3ccc(OC)c(O)c3)c(=O)oc2c1,393.43900000000014,4.249500000000005,1.0,6.0
CHAL,CCOC(=O)c1cc2cc(/C=C/C(=O)c3ccc(C)cc3)cc(C(C)CC)c2oc1=O,418.4890000000002,5.687720000000005,0.0,5.0
CHAL,COc1cc(C(=O)/C=C/c2c(O)c3ccccc3oc2=O)cc(OC)c1OC,382.36800000000017,3.4205000000000023,1.0,7.0
CHAL,CCOCc1cc2c(cc1CC)CCN(CCOc1ccc(/C=C/C(=O)c3ccc(C)c(NC(=O)c4ccc5ccccc5n4)c3)cc1)C2,653.8230000000001,8.227620000000009,1.0,6.0
CHAL,CCc1cc2c(cc1COOC)CN(CCOc1ccc(/C=C/C(=O)c3cccc(NC(=O)c4ccc5ccccc5n4)c3)cc1)CC2,641.768,7.460700000000008,1.0,7.0
CHAL,COc1ccccc1C(=O)/C=C/c1cc2ccccc2[nH]c1=O,305.333,3.432800000000002,1.0,3.0
CHAL,C=CCn1cc(COc2ccc(C(=O)/C=C/c3ccc(Cl)cc3Cl)cc2)nn1,414.29200000000014,5.246000000000004,0.0,5.0
CHAL,COc1cc2c(cc1OC)C/C(=C/CCc1ccc(N(C)C)cc1)CC2,351.49000000000007,4.817700000000005,0.0,3.0
CHAL,C=C(/C=C/c1ccc2c(c1-c1c(C(C)(O)O)cc(OC)c3c1CCC3)CCC2)c1cc(C)ccc1C,480.6480000000004,6.840340000000008,2.0,3.0
CHAL,COc1cc(OC)c(C(=O)/C=C/c2cccc(N3CCNCC3)c2)c(O)c1CC=C(C)C,436.5520000000003,4.223800000000003,2.0,6.0
CHAL,COc1ccc(/C=C/C(=O)c2c(O)cc(OC)cc2OC)cc1,314.33700000000005,3.3141000000000016,1.0,5.0
CHAL,C=CC(C)(C)c1cc(/C=C/C(=O)c2ccc(O)cc2)c(OC)cc1O,338.4030000000001,4.466100000000004,2.0,4.0
CHAL,C=C(C)C(C)c1cc(/C=C/C(=O)c2ccc(O)cc2)c(OC)cc1O,338.4030000000001,4.682100000000005,2.0,4.0
CHAL,COc1cc(O)c(CC=C(C)C)c(O)c1C(=O)/C=C/c1ccc(O)cc1,354.40200000000004,4.216800000000003,3.0,5.0
CHAL,COc1ccc(/C=C/C(=O)c2ccc3c(c2O)C=CC(C)(C)O3)cc1O,352.3860000000001,4.186700000000004,2.0,5.0
CHAL,CC(C)=CCc1cc(CC(CO)C(=O)c2ccc(O)c(CC=C(C)C)c2O)cc(O)c1O,440.53600000000023,4.560300000000008,5.0,6.0
CHAL,O=C(/C=C/c1ccc(N2CCCC2)cc1)c1ccc(O)cc1,293.366,3.888500000000003,1.0,3.0
CHAL,COc1cccc(/C=C/C(=O)c2cccc(Nc3ncnc4cc(OC)ccc34)c2)c1,411.4610000000001,5.286700000000004,1.0,6.0
CHAL,COc1cccc(/C=C/C(=O)c2cccc(Nc3ncnc4ccccc34)c2)c1,381.43500000000006,5.278100000000004,1.0,5.0
CHAL,COc1ccc(-c2nc(Nc3cccc(C(=O)/C=C/c4cccc(OC)c4)c3)c3ccccc3n2)cc1,487.5590000000002,6.953700000000007,1.0,6.0
CHAL,COc1cccc(OC)c1/C=C/C(=O)c1ccc(C(=O)/C=C/c2c(OC)cccc2OC)cc1,458.5100000000002,5.513200000000006,0.0,6.0
CHAL,COc1cc(O)c(C(=O)/C=C/c2ccccc2)c(OC)c1,284.31100000000004,3.305500000000001,1.0,4.0
CHAL,O=C(/C=C/c1ccccc1O)c1ccc([N+](=O)[O-])cc1,269.256,3.196500000000002,1.0,4.0
CHAL,O=C(/C=C/c1ccccc1O)c1ccc(Cl)c(Cl)c1,293.149,4.595100000000002,1.0,2.0
CHAL,COc1cc(OC)c(C(=O)/C=C/c2ccccc2Cl)c(O)c1Br,397.6520000000001,4.721400000000004,1.0,4.0
CHAL,COc1cc(OC)c(C(=O)/C=C/c2cccc([N+](=O)[O-])c2)c(O)c1Br,408.2040000000001,3.9762000000000026,1.0,6.0
CHAL,COc1cc(O)c(C(=O)/C=C/c2ccc([N+](=O)[O-])cc2)c(OC)c1,329.30800000000005,3.213700000000001,1.0,6.0
CHAL,COc1cc(O)c(C(=O)/C=C/c2ccc(Cl)c(Cl)c2)c(OC)c1,353.2010000000001,4.612300000000002,1.0,4.0
CHAL,O=C(/C=C/c1ccc(F)cc1)c1cc(CN2CCCCC2)c(O)c(CN2CCCCC2)c1,436.57100000000037,5.399200000000005,1.0,4.0
CHAL,CN1CCN(Cc2cc(C(=O)/C=C/c3ccc(Cl)cc3)cc(CN3CCNCC3)c2O)CC1,469.02900000000034,3.0943000000000014,2.0,6.0
CHAL,Nc1ccc(C(=O)/C=C/c2ccccc2F)cc1,241.26500000000001,3.304000000000002,1.0,2.0
CHAL,CN1CCN(Cc2cc(C(=O)/C=C/c3ccc(Br)cc3)cc(CN3CCNCC3)c2O)CC1,513.4800000000004,3.203400000000001,2.0,6.0
CHAL,COc1ccc(OC)c(/C=C/C(=O)c2ccccc2O)c1,284.311,3.305500000000002,1.0,4.0
CHAL,COc1cccc(C(=O)/C=C/c2ccc(N(CCCl)CCCl)cc2)c1,378.2990000000001,4.875300000000005,0.0,3.0
CHAL,COc1ccc(C(=O)/C=C/c2ccccc2Cl)c(OC)c1,302.75700000000006,4.253300000000003,0.0,3.0
CHAL,COc1ccc(Br)cc1C(=O)/C=C/c1ccc(S(C)(=O)=O)cc1,395.2740000000001,3.7573000000000025,0.0,4.0
CHAL,Oc1ccccc1OCCc1ccc(F)cc1F,250.24399999999997,3.291900000000002,1.0,2.0
CHAL,Oc1ccccc1OCCc1ccc(F)c(F)c1F,268.234,3.431000000000002,1.0,2.0
CHAL,COc1cc(C(=O)/C=C/c2ccc(OO)c(B(O)O)c2)cc(OC)c1OC,374.15400000000017,1.1400999999999997,3.0,8.0
CHAL,Oc1ccc(CCOc2ccccc2O)cc1O,246.26200000000003,2.4249000000000005,3.0,4.0
CHAL,Oc1ccccc1OCCc1ccc(O)c(O)c1O,262.26099999999997,2.130500000000001,4.0,5.0
CHAL,Oc1ccccc1OCCc1ccc(F)c(F)c1,250.24399999999997,3.291900000000002,1.0,2.0
CHAL,Oc1ccc(CCOc2ccccc2O)c(O)c1,246.26200000000003,2.424900000000001,3.0,4.0
CHAL,O=C(/C=C/c1cccc(Br)c1)c1c(O)cc(O)cc1O,335.153,3.462000000000001,3.0,4.0
CHAL,COc1cc(C(=O)/C=C/c2cccc3[nH]ccc23)cc(OC)c1OC,337.37500000000017,4.089800000000003,1.0,4.0
CHAL,COc1cc(C(=O)/C=C/c2cccc3c2ccn3C)cc(OC)c1OC,351.40200000000016,4.100200000000004,0.0,5.0
CHAL,COc1cc(C(=O)/C=C/c2ccc3c(ccn3C)c2)cc(OC)c1OC,351.40200000000016,4.100200000000004,0.0,5.0
CHAL,COc1cc(C(=O)/C=C/c2ccc3[nH]ccc3c2)cc(OC)c1OC,337.37500000000017,4.089800000000003,1.0,4.0
CHAL,O=C(/C=C/c1ccc(Cl)cc1Cl)c1c(O)cc(O)cc1O,325.14700000000005,4.006300000000003,3.0,4.0
CHAL,O=C(/C=C/c1ccc(Cl)cc1)c1ccc(Cl)c(Cl)c1,311.595,5.542900000000002,0.0,1.0
CHAL,O=C(/C=C/c1c(Cl)cccc1Cl)c1ccc(O)cc1O,309.148,4.300700000000003,2.0,3.0
CHAL,COc1cc(O)c(C(=O)/C=C/c2ccccc2Cl)c(OC)c1,318.7560000000001,3.9589000000000025,1.0,4.0
CHAL,COc1cc(O)c(C(=O)/C=C/c2ccc(C)cc2)c(OC)c1,298.338,3.613920000000002,1.0,4.0
CHAL,COc1ccc(/C=C(/C(=O)c2ccc(OC)c(OC)c2)c2ccccc2)cc1O,390.43500000000006,4.841500000000004,1.0,5.0
CHAL,COc1cc(C(=O)/C(C)=C/c2ccc(O)c(O)c2)cc(OC)c1OC,344.36300000000017,3.4098000000000024,2.0,6.0
CHAL,O=C(Nc1ccco1)c1ccc(/C=C/C(=O)c2cccc3c2C(=O)c2ccccc2C3=O)cc1,447.4460000000002,5.203400000000004,1.0,5.0
CHAL,O=C(Nc1cccs1)c1ccc(/C=C/C(=O)c2cccc3c2C(=O)c2ccccc2C3=O)cc1,463.5140000000002,5.671900000000004,1.0,5.0
CHAL,O=C(/C=C/c1cccc(Cl)c1)c1c(O)cc(O)cc1O,290.702,3.3529000000000004,3.0,4.0
CHAL,O=C(/C=C/c1cccc(Br)c1)c1ccc(O)cc1O,319.15400000000005,3.7564000000000015,2.0,3.0
CHAL,Nc1ccc(C(=O)/C=C/c2ccccc2)cc1,223.27500000000003,3.164900000000002,1.0,2.0
CHAL,O=C(/C=C/c1ccccc1)c1cc(F)ccc1O,242.249,3.427400000000002,1.0,2.0
CHAL,COc1c(C)c(O)c(C)c(O)c1C(=O)/C=C/c1ccccc1,298.33799999999997,3.619340000000002,2.0,4.0
CHAL,COc1cc(O)c(C(=O)/C=C/c2ccc3c(c2)OCO3)c(OC)c1,328.3200000000001,3.034200000000002,1.0,6.0
CHAL,COc1cccc(O)c1C(=O)/C=C/c1ccccc1,254.285,3.2969000000000017,1.0,3.0
CHAL,O=C(/C=C/c1ccccc1)c1cc(Cl)ccc1O,258.704,3.9417000000000013,1.0,2.0
CHAL,COc1ccc(C(=O)/C=C/c2cc(C(=O)c3ccc(OC)c(OC)c3)ccc2OC)cc1N,447.48700000000025,4.430300000000003,1.0,7.0
CHAL,COc1ccc(/C=C(\C)C(=O)c2cc(OC)c(OC)c(OC)c2)cc1O,358.3900000000001,3.7128000000000037,1.0,6.0
CHAL,COc1ccc(C(=O)c2ccc(OC)c(OC)c2)cc1/C=C/C(=O)c1ccc(OC)c(OC)c1,462.4980000000002,4.8567000000000045,0.0,7.0
CHAL,COc1cc(-c2ccc(C(=O)/C=C/c3cc(OC)c(OC)c(OC)c3)cc2)ccc1O,420.4610000000001,4.989700000000005,1.0,6.0
CHAL,COc1ccc2[nH]c(=O)c(/C=C/C(=O)c3ccccc3OC)cc2c1,335.3590000000001,3.4414000000000016,1.0,4.0
CHAL,COc1ccc(/C=C/C(=O)c2ccc(OC)c(OC)c2)c(OC)c1,328.36400000000003,3.6171000000000024,0.0,5.0
CHAL,COc1cc(OC)c(C(=O)/C=C/c2cn(C)c3ccccc23)c(OC)c1,351.4020000000001,4.100200000000004,0.0,5.0
CHAL,COc1cc(C(=O)/C(C)=C/c2c[nH]c3ccccc23)cc(OC)c1OC,351.40200000000016,4.479900000000003,1.0,4.0
CHAL,Cc1ccc(/C=C/C(=O)c2ccc(N)cc2)c2ccccc12,287.362,4.626520000000003,1.0,2.0
CHAL,COc1cc(C(=O)/C=C/c2cc(C(C)(C)C)c(O)c(C(C)(C)C)c2)ccc1O,382.5000000000001,5.597500000000007,2.0,4.0
CHAL,COc1ccc(NS(=O)(=O)c2cc(C(=O)/C=C/c3ccc(N(O)O)cc3)ccc2OC)cc1,470.50300000000016,3.9855000000000027,3.0,8.0
CHAL,COc1ccccc1NS(=O)(=O)c1cc(C(=O)/C=C/c2ccc(N(O)O)cc2)ccc1OC,470.5030000000001,3.985500000000002,3.0,8.0
CHAL,COc1ccc(C(=O)/C=C/c2ccc(N(O)O)cc2)cc1S(=O)(=O)Nc1ccc(Cl)cc1,474.92200000000014,4.630300000000003,3.0,7.0
CHAL,COc1ccc(NS(=O)(=O)c2cc(C(=O)/C=C/c3ccc(Cl)cc3Cl)ccc2OC)cc1,492.3800000000002,5.707500000000004,1.0,5.0
CHAL,COc1ccccc1NS(=O)(=O)c1cc(C(=O)/C=C/c2ccc(Cl)cc2Cl)ccc1OC,492.3800000000001,5.707500000000004,1.0,5.0
CHAL,COc1cc(O)c(C(=O)/C=C/c2cccc(N(O)O)c2)c(OC)c1,331.32400000000007,2.8903000000000008,3.0,7.0
CHAL,COc1cc(O)c(C(=O)/C=C/c2ccc(F)cc2)c(OC)c1,302.30100000000004,3.444600000000001,1.0,4.0
CHAL,COc1cc(OC)c(C(=O)/C=C/c2cccc(N(O)O)c2)c(O)c1Br,410.2200000000001,3.6528000000000023,3.0,7.0
CHAL,NC(=O)c1cc(C(=O)/C=C/c2ccc(F)cc2)ccc1O,285.274,2.5263000000000013,2.0,3.0
CHAL,NC(=O)c1cc(C(=O)/C=C/c2cccc(Cl)c2)ccc1O,301.72900000000004,3.0406000000000017,2.0,3.0
CHAL,NC(=O)c1cc(C(=O)/C=C/c2ccc(Br)cc2)ccc1O,346.18000000000006,3.1497000000000015,2.0,3.0
CHAL,Cc1ccccc1/C=C/C(=O)c1ccc(O)c(C(N)=O)c1,281.311,2.69562,2.0,3.0
CHAL,Cc1cccc(/C=C/C(=O)c2ccc(O)c(C(N)=O)c2)c1,281.311,2.69562,2.0,3.0
CHAL,Cc1ccc(/C=C/C(=O)c2ccc(O)c(C(N)=O)c2)cc1,281.311,2.69562,2.0,3.0
CHAL,COc1ccccc1/C=C/C(=O)c1ccc(O)c(C(N)=O)c1,297.31,2.3957999999999995,2.0,4.0
CHAL,NC(=O)c1cc(C(=O)/C=C/c2cccc(O)c2)ccc1O,283.283,2.0928,3.0,4.0
CHAL,COc1ccc(/C=C/C(=O)c2ccc(O)c(C(N)=O)c2)cc1,297.31,2.3958000000000013,2.0,4.0
CHAL,COc1ccc(/C=C/C(=O)c2ccc(O)c(C(N)=O)c2)c(OC)c1,327.33600000000007,2.4044000000000008,2.0,5.0
CHAL,COc1ccc(/C=C/C(=O)c2ccc(O)c(C(N)=O)c2)cc1OC,327.33600000000007,2.4044000000000008,2.0,5.0
CHAL,COc1cc(/C=C/C(=O)c2ccc(O)c(C(N)=O)c2)cc(OC)c1OC,357.36200000000014,2.4130000000000003,2.0,6.0
CHAL,O=C(/C=C/c1ccc(O)c(O)c1)c1ccccc1,240.258,2.993900000000002,2.0,3.0
CHAL,Nc1ccccc1/C=C/C(=O)c1ccccc1,223.275,3.164900000000002,1.0,2.0
CHAL,COc1ccc(/C=C/C(=O)c2ccccc2)cc1O,254.285,3.296900000000002,1.0,3.0
CHAL,O=C(/C=C/c1cccc(Oc2ccccc2)c1)c1ccccc1,300.357,5.375000000000004,0.0,2.0
CHAL,COc1ccc(/C=C/C(=O)c2ccccc2)cc1OC,268.312,3.5999000000000025,0.0,3.0
CHAL,O=C(/C=C/c1ccc(Cl)cc1)c1ccccc1,242.705,4.236100000000003,0.0,1.0
CHAL,O=C(/C=C/c1cccc(N(O)O)c1)c1ccccc1,255.27300000000002,3.1675000000000013,2.0,4.0
CHAL,COc1cc(OC)c(C(=O)/C=C/c2ccccc2)c(OC)c1,298.3380000000001,3.608500000000003,0.0,4.0
CHAL,COc1cc(OC)c(C(=O)/C=C/c2cc(F)ccc2F)c(OC)c1,334.3180000000001,3.886700000000003,0.0,4.0
CHAL,O=C(O)c1ccc(C(=O)/C=C/c2cc(Br)cc(Br)c2)cc1,410.06100000000004,4.805900000000002,1.0,2.0
CHAL,O=C(/C=C/c1cc(Cl)cc(Cl)c1)c1ccc(O)cc1,293.149,4.595100000000002,1.0,2.0
CHAL,O=C(O)c1ccc(C(=O)/C=C/c2cc(C(F)(F)F)cc(C(F)(F)F)c2)cc1,388.263,5.318500000000002,1.0,2.0
CHAL,COc1ccccc1/C=C/C(=O)c1cc(OC)c(OC)c(OC)c1,328.3640000000001,3.6171000000000024,0.0,5.0
CHAL,COc1ccccc1-c1ccc(C(=O)c2cc(OC)c(OC)c(OC)c2)s1,384.4530000000001,4.680500000000004,0.0,6.0
CHAL,CN(C)c1ccc(/C=C/C(=O)c2ccccc2)cc1,251.32899999999998,3.6487000000000025,0.0,2.0
CHAL,CN(C)c1ccc(/C=C/C(=O)c2ccc(N3CCN(CC(=O)c4ccc(Cl)cc4)CC3)cc2)cc1,488.0310000000002,5.307000000000005,0.0,5.0
CHAL,COc1ccc(/C(=C/C(=O)c2ccc(Cl)cc2)Oc2ccc(/C=N/Nc3ccnc4cc(Cl)ccc34)cc2)c(OC)c1OC,628.5120000000001,8.316200000000006,1.0,8.0
CHAL,O=C(/C=C/c1ccc2c(c1)OCO2)c1c(O)cc(O)cc1O,300.266,2.428200000000001,3.0,6.0
CHAL,COc1cc(OC)c(C(=O)/C=C/c2ccc(OC)c(O)c2)c(OC)c1,344.3630000000001,3.322700000000002,1.0,6.0
CHAL,NC/C(=C\C(=O)c1ccccc1)c1ccccc1,237.30200000000002,2.9116000000000017,1.0,2.0
CHAL,O=C(/C=C(\CO)c1ccccc1)c1ccccc1,238.28600000000003,2.9452000000000007,1.0,2.0
CHAL,O=C(/C=C/c1ccccc1)c1ccccc1O,224.25900000000001,3.2883000000000018,1.0,2.0
CHAL,O=C(/C=C/c1ccccc1)c1ccc(O)cc1,224.25900000000001,3.2883000000000013,1.0,2.0
CHAL,O=C(/C=C/c1ccccc1)c1cccc(O)c1,224.25900000000001,3.2883000000000013,1.0,2.0
CHAL,COc1ccc(C(=O)/C=C/c2ccccc2)c(O)c1,254.28500000000003,3.2969000000000017,1.0,3.0
CHAL,O=C(/C=C/c1ccc(O)cc1)c1cccc(O)c1,240.258,2.993900000000001,2.0,3.0
CHAL,O=C(/C=C/c1cccc(O)c1)c1cccc(O)c1,240.258,2.993900000000001,2.0,3.0
CHAL,Cc1ccc(/C=C/C(=O)c2ccccc2)cc1,222.28700000000003,3.8911200000000026,0.0,1.0
CHAL,NCc1ccc(/C=C/C(=O)c2ccccc2)cc1,237.302,3.041400000000001,1.0,2.0
CHAL,O=C(/C=C/c1ccc(F)cc1)c1ccccc1,226.25000000000003,3.7218000000000027,0.0,1.0
CHAL,O=C(/C=C/c1ccc(N(O)O)cc1)c1ccc(N(O)O)cc1,302.28600000000006,2.752300000000001,4.0,7.0
CHAL,COc1ccc(C(=O)/C=C/c2ccccc2)cc1,238.28600000000003,3.591300000000002,0.0,2.0
CHAL,O=C(/C=C/c1ccccc1)c1ccc(F)cc1,226.25,3.7218000000000018,0.0,1.0
CHAL,O=C(/C=C\c1ccc(Cl)cc1Cl)c1ccc(O)c(/N=N\c2ccc(Cl)c(Cl)c2)c1,466.1510000000002,8.317300000000001,1.0,4.0
CHAL,O=C(/C=C/c1ccco1)c1ccc(/N=N\c2c(O)cccc2O)cc1,334.331,5.002300000000004,2.0,6.0
CHAL,O=C(/C=C/c1c(O)ccc2ccccc12)c1ccc(/N=N/c2c(O)cccc2O)cc1,410.4290000000001,6.268100000000006,3.0,6.0
CHAL,O=C(/C=C/c1ccc(Cl)cc1Cl)c1ccc(/N=N/c2c(O)cccc2O)cc1,413.2600000000001,6.716100000000005,2.0,5.0
CHAL,COc1cc(Cl)c(/C=C/C(=O)c2ccc(/N=N/c3c(O)cccc3O)cc2)cc1Br,487.73700000000014,6.833800000000005,2.0,6.0
CHAL,O=C(/C=C/c1cc2ccccc2nc1Cl)c1ccc(/N=N/c2cccc(Cl)c2Cl)c(O)c1,482.75400000000013,8.212100000000001,1.0,5.0
CHAL,O=C(/C=C/C=C/c1ccccc1)c1ccc(/N=N/c2cccc(Cl)c2Cl)c(O)c1,423.2990000000001,7.566700000000004,1.0,4.0
CHAL,O=C(/C=C/c1ccc(Cl)cc1Cl)c1ccc(/N=N/c2ccc(N(O)O)cc2Cl)c(O)c1,478.71900000000016,7.248700000000004,3.0,7.0
CHAL,NC(=O)C1C=C(c2ccccc2)CC1c1ccccc1,263.34,3.3590000000000027,1.0,1.0
CHAL,COc1ccc(COc2cccc(/C=C/C(=O)c3nc4ccccc4[nH]3)c2)cc1,384.43500000000006,5.046600000000004,1.0,4.0
CHAL,COc1cc(/C=C/C(=O)c2ccc(O)cc2O)c(Br)c(OC)c1,379.2060000000001,3.773600000000002,2.0,5.0
CHAL,O=C(/C=C/c1c[nH]c2ccc(O)cc12)c1ccc(Br)cc1Br,421.088,5.294600000000003,2.0,2.0
CHAL,COc1ccc(/C=C/C(=O)c2cn(-c3ccc(F)cc3)nc2C(=O)/C=C/c2ccc(OC)cc2)cc1,482.5110000000002,5.8208000000000055,0.0,6.0
CHAL,Cc1ccc(C(=O)/C=C/c2ccccn2)c(O)c1CN1CCOCC1,338.4070000000002,2.82392,1.0,5.0
CHAL,CC1=C(C(=O)/C=C/c2ccccc2)C(c2cccc3c(O)cc(=O)oc23)NC(=S)N1,418.4740000000001,3.573900000000002,3.0,5.0
CHAL,COc1ccc(/C=C/C(=O)C2=C(C)NC(=S)NC2c2cccc3c(O)cc(=O)oc23)cc1,448.50000000000017,3.5825000000000014,3.0,6.0
CHAL,CC1=C(C(=O)/C=C/C=C/c2ccccc2)C(c2cccc3c(O)cc(=O)oc23)NC(=S)N1,444.51200000000017,4.130100000000003,3.0,5.0
CHAL,CC1=C(C(=O)/C=C/c2ccccc2N(O)O)C(c2cccc3c(O)cc(=O)oc23)NC(=S)N1,465.48700000000014,3.1587000000000005,5.0,8.0
CHAL,CC1=C(C(=O)/C=C/c2ccc(O)cc2)C(c2cccc3c(O)cc(=O)oc23)NC(=S)N1,434.4730000000001,3.2795000000000014,4.0,6.0
CHAL,C=C1NC(C)=C(C(=O)/C=C/c2ccc(N(O)O)cc2)C(c2cccc3c(O)cc(=O)oc23)N1,447.4470000000002,3.3450000000000006,5.0,9.0
CHAL,CC1=C(C(=O)/C=C/c2ccc(N(C)C)cc2)C(c2cccc3c(O)cc(=O)oc23)NC(=S)N1,461.5430000000001,3.6399000000000017,3.0,6.0
CHAL,CC1=C(C(=O)/C=C/c2ccccc2O)C(c2cccc3c(O)cc(=O)oc23)NC(=S)N1,434.4730000000001,3.2795000000000014,4.0,6.0
CHAL,CC1=C(C(=O)/C=C/c2cccc(O)c2)C(c2cccc3c(O)cc(=O)oc23)NC(=S)N1,434.4730000000001,3.2795000000000005,4.0,6.0
CHAL,CC1=C(C(=O)/C=C/c2cccc(N(O)O)c2)C(c2cccc3c(O)cc(=O)oc23)NC(=S)N1,465.48700000000014,3.1587000000000005,5.0,8.0
CHAL,CC1=C(C(=O)/C=C/c2ccccc2Cl)C(c2cccc3c(O)cc(=O)oc23)NC(=S)N1,452.91900000000015,4.227300000000002,3.0,5.0
CHAL,COc1cc(/C=C/C(=O)C2=C(C)NC(=S)NC2c2cccc3c(O)cc(=O)oc23)cc(OC)c1OC,508.55200000000036,3.599700000000002,3.0,8.0
CHAL,O=C(CCc1ccc2c(c1)OCO2)c1ccccc1,254.285,3.2308000000000012,0.0,3.0
CHAL,CCc1ccc(/C=C/C(=O)c2ccccc2)cc1.O,254.32899999999998,3.320400000000003,0.0,1.0
CHAL,O=C(/C=C/c1c[nH]c2ccccc12)c1ccccc1,247.29700000000003,4.064000000000003,1.0,1.0
CHAL,COc1ccc(/C=C/C(=O)c2ccc(OC)cc2)cc1,268.31199999999995,3.5999000000000025,0.0,3.0
CHAL,COc1ccc(/C=C/C(=O)c2cc(OC)c(OC)c(OC)c2)cc1,328.36400000000003,3.6171000000000024,0.0,5.0
CHAL,COc1cc(C(=O)/C=C/c2ccc3c(c2)OCO3)cc(OC)c1OC,342.3470000000001,3.337200000000002,0.0,6.0
CHAL,O=C(/C=C/c1ccc(Cl)cc1)c1ccc(/N=N\N2CCOCC2)cc1,355.8250000000002,4.567000000000005,0.0,4.0
CHAL,O=C(/C=C/c1cccc(Cl)c1)c1ccc(/N=N\N2CCOCC2)cc1,355.8250000000002,4.567000000000005,0.0,4.0
CHAL,O=C(/C=C/c1ccccc1Cl)c1ccc(/N=N\N2CCOCC2)cc1,355.8250000000002,4.567000000000005,0.0,4.0
CHAL,O=C(/C=C/c1cccc(N(O)O)c1)c1ccc(/N=N\N2CCOCC2)cc1,368.3930000000002,3.498400000000003,2.0,7.0
CHAL,O=C(/C=C/c1ccccc1N(O)O)c1ccc(/N=N\N2CCOCC2)cc1,368.3930000000002,3.498400000000002,2.0,7.0
CHAL,COc1ccc(/C=C/C(=O)c2ccc(/N=N\N3CCOCC3)cc2)cc1,351.40600000000006,3.922200000000003,0.0,5.0
CHAL,COc1ccc(/C=C/C(=O)c2ccc(/N=N\N3CCOCC3)cc2)cc1OC,381.43200000000013,3.930800000000003,0.0,6.0
CHAL,Cc1ccc(/C=C/C(=O)c2ccc(/N=N\N3CCOCC3)cc2)cc1,335.4070000000001,4.222020000000003,0.0,4.0
CHAL,O=C(/C=C/C=C/c1ccccc1)c1ccc(/N=N\N2CCOCC2)cc1,347.41800000000023,4.469800000000005,0.0,4.0
CHAL,O=C1/C(=C/c2ccccc2)CCc2ccccc21,234.29799999999997,3.8991000000000025,0.0,1.0
CHAL,O=C1/C(=C/c2ccccc2Cl)CCc2ccccc21,268.743,4.552500000000004,0.0,1.0
CHAL,O=C1/C(=C/c2cccc(Cl)c2)CCc2ccccc21,268.743,4.552500000000003,0.0,1.0
CHAL,O=C1/C(=C/c2ccc(Br)cc2)CCc2ccccc21,313.19399999999996,4.6616000000000035,0.0,1.0
CHAL,O=C1/C(=C/c2ccc(F)cc2)CCc2ccccc21,252.28799999999998,4.0382000000000025,0.0,1.0
CHAL,COc1ccc(/C=C2\CCc3ccccc3C2=O)cc1,264.32399999999996,3.907700000000003,0.0,2.0
CHAL,O=C1/C(=C/c2ccc(Cl)cc2Cl)CCc2ccccc21,303.188,5.205900000000002,0.0,1.0
CHAL,COc1ccc(/C=C2\CCc3ccccc3C2=O)cc1OC,294.35,3.9163000000000032,0.0,3.0
CHAL,COc1cc(/C=C2\CCc3ccccc3C2=O)cc(OC)c1OC,324.3760000000001,3.9249000000000027,0.0,4.0
CHAL,COc1ccc(/C=C/C(=O)c2ccc(Br)cc2)cc1,317.182,4.353800000000003,0.0,2.0
CHAL,COc1ccc(/C=C/C(=O)c2ccc(I)cc2)cc1,364.182,4.1959000000000035,0.0,2.0
CHAL,COc1ccc(C(=O)/C=C/c2ccc(O)cc2)cc1,254.28500000000003,3.2969000000000017,1.0,3.0
CHAL,O=C(/C=C/c1ccc(O)cc1)c1ccc(Br)cc1,303.155,4.0508000000000015,1.0,2.0
CHAL,O=C(/C=C/c1ccc(O)cc1)c1ccc(Cl)cc1,258.704,3.9417000000000018,1.0,2.0
CHAL,O=C(/C=C/c1ccccc1)c1ccc(Br)cc1,287.156,4.345200000000002,0.0,1.0
CHAL,O=C(/C=C/c1ccccc1)c1ccc(I)cc1,334.156,4.187300000000002,0.0,1.0
CHAL,CN(C)c1ccc(/C=C/C(=O)c2ccc3ccccc3c2)cc1,301.389,4.801900000000004,0.0,2.0
CHAL,CN(C)c1ccc(/C=C/C(=O)c2ccc[nH]2)cc1,240.30599999999998,2.976800000000001,1.0,2.0
CHAL,O=C(/C=C/c1cn(Cc2ccccc2)c2ccccc12)c1cccs1,343.45100000000014,5.647200000000003,0.0,3.0
CHAL,CN(C)c1ccc(/C=C/C(=O)c2ccc(OCCCN3CCCCC3)cc2)cc1,392.5430000000002,4.903500000000005,0.0,4.0
CHAL,COc1ccc(N(c2ccc(/C=C/C(=O)c3ccccc3)cc2)c2ccc(OC)cc2)cc1,435.52300000000014,7.069700000000006,0.0,4.0
CHAL,CN(C)c1ccc(C(=O)/C=C/c2ccc(/C=C/C=C/C=C/C=C(CN)CN)cc2)cc1,413.56500000000017,4.618100000000003,2.0,4.0
CHAL,C=CC(=O)Nc1ccc(C(=O)/C=C/c2ccc(N(C)C)cc2)cc1,320.392,3.7732000000000028,1.0,3.0
CHAL,COc1ccc(C(=O)/C=C/c2ccc(OC)c(OC)c2)c(O)c1,314.33700000000005,3.3141000000000016,1.0,5.0
CHAL,COc1ccc(C(=O)/C=C/c2ccc(C)cc2)cc1,252.31300000000002,3.899720000000003,0.0,2.0
CHAL,COc1ccc(C(=O)/C=C/c2ccc(F)cc2)cc1,256.276,3.730400000000002,0.0,2.0
CHAL,COc1ccc(C(=O)/C=C/c2ccc(Cl)cc2)cc1,272.731,4.2447000000000035,0.0,2.0
CHAL,COc1ccc(C(=O)/C=C/c2ccc(Br)cc2)cc1,317.182,4.353800000000003,0.0,2.0
CHAL,COc1ccc(C(=O)/C=C/c2ccc(N(O)O)cc2)cc1,285.29900000000004,3.176100000000001,2.0,5.0
CHAL,COc1ccc(/C=C/C(=O)c2c(OC)ccc3ccccc23)cc1O,334.37100000000004,4.458700000000004,1.0,4.0
CHAL,COc1ccc(/C=C/C(=O)c2ccc(OC)c3ccccc23)cc1N,333.38700000000006,4.335300000000003,1.0,4.0
CHAL,CCN(C)c1ccc(/C=C/C(=O)c2ccc(OC)c3ccccc23)cc1,345.442,5.200600000000005,0.0,3.0
CHAL,CC(C)=CCC/C(C)=C/Cc1c(O)ccc(C(=O)/C=C/c2ccc(O)c(O)c2)c1O,408.4940000000001,5.640300000000008,4.0,5.0
CHAL,O=C(/C=C/c1ccc(F)cc1O)c1ccccc1,242.24900000000002,3.4274000000000022,1.0,2.0
CHAL,O=C(/C=C/c1ccc(O)cc1O)c1ccccc1,240.258,2.993900000000001,2.0,3.0
CHAL,O=C(/C=C/c1cc(Br)ccc1O)c1ccc(/N=N/c2ccc(N(O)O)cc2Cl)c(O)c1,504.72400000000016,6.410000000000005,4.0,8.0
CUR,CC(C)(C(=O)/C=C/c1ccc(O)c(O)c1)C(=O)/C=C/c1ccc(O)c(O)c1,368.38500000000005,3.400000000000003,4.0,6.0
CUR,Cc1cc(/C=C/C(=O)/C=C(O)/C=C/c2ccc(O)c(C)c2)ccc1O,336.38700000000006,4.452240000000004,3.0,4.0
CUR,O=C(/C=C(O)/C=C/c1ccc(O)cc1)/C=C/c1ccc(O)cc1,308.333,3.8354000000000017,3.0,4.0
CUR,O=C(/C=C(O)/C=C/c1ccc(O)c(Br)c1)/C=C/c1ccc(O)c(Br)c1,466.12500000000006,5.360400000000004,3.0,4.0
CUR,O=C(/C=C(O)/C=C/c1ccc(O)c(Cl)c1)/C=C/c1ccc(O)c(Cl)c1,377.22300000000007,5.142200000000003,3.0,4.0
CUR,O=C(/C=C(O)/C=C/c1ccc(O)c(F)c1)/C=C/c1ccc(O)c(F)c1,344.31300000000005,4.113600000000002,3.0,4.0
CUR,O=C(/C=C(O)/C=C/c1ccc(O)c(O)c1)/C=C/c1ccc(O)c(O)c1,340.3310000000001,3.2466000000000017,5.0,6.0
CUR,COc1cc(/C=C/C(O)=C/C(=O)/C=C/c2ccc(OC(=O)C(N)CCCCN)c(OC)c2)ccc1O,496.5600000000004,3.5087000000000015,4.0,9.0
CUR,COc1cc(/C=C/C(=O)/C=C(O)/C=C/c2ccc(OC(=O)C(N)CCCCN)c(OC)c2)ccc1OC(=O)C(N)CCCCN,624.735,3.1648000000000014,5.0,12.0
CUR,COC1=CC(/C=C/C(=O)/C=C(O)/C=C/c2ccc(OC(=O)C(C)(CO)CO)c(OC)c2)=CCC1OC(=O)C(C)(CO)CO,602.6330000000003,1.9349999999999992,5.0,12.0
CUR,CCN(CC)c1cccc(/C=C/C(=O)C(C)(C)C(=O)/C=C/c2cccc(OC)c2)c1,405.5380000000001,5.432400000000006,0.0,4.0
CUR,COc1cc(/C=C/C(=O)CC(=O)/C=C/c2ccc(O)c(CN(C)C)c2)ccc1O,395.45500000000015,3.4229000000000025,2.0,6.0
CUR,O=C(/C=C/c1c[nH]c2ccccc12)CC(=O)/C=C/C1C=Nc2ccccc21,354.40900000000005,4.765300000000003,1.0,3.0
CUR,COc1cc(/C=C/C(=O)C(=Cc2ccc(O)c(O)c2)C(=O)/C=C/c2ccc(O)c(OC)c2)ccc1O,488.49200000000025,4.474600000000005,4.0,8.0
CUR,COc1cc(C=C(C(=O)/C=C/c2ccc(O)c(OC)c2)C(=O)/C=C/c2ccc(O)c(OC)c2)ccc1O,502.51900000000023,4.777600000000005,3.0,8.0
CUR,COc1cc(C=C(C(=O)/C=C/c2ccc(OC)c(OC)c2)C(=O)/C=C/c2ccc(OC)c(OC)c2)ccc1O,530.5730000000003,5.383600000000006,1.0,8.0
CUR,COc1cc(C=C(C(=O)/C=C/c2cc(OC)c(OC)c(OC)c2)C(=O)/C=C/c2cc(OC)c(OC)c(OC)c2)ccc1O,590.6250000000003,5.4008000000000065,1.0,10.0
CUR,COC1=CC(/C=C(\C(=O)/C=C/C2=CCC(N(C)C)C=C2)C(=O)/C=C/c2ccc(N(C)C)cc2)=CCC1O,500.63900000000024,4.424400000000005,1.0,6.0
CUR,COc1cc(/C=C/C(=O)C(=NNC2=CCC(C)C=C2)C(=O)/C=C/c2ccc(O)c(OC)c2)ccc1O,488.54000000000025,4.405300000000004,3.0,8.0
CUR,COc1cc(C2CC(C(=NNc3ccc(C)cc3)C3=NC(=O)NC(c4ccc(O)c(OC)c4)C3)=NC(=O)N2)ccc1O,570.6060000000003,4.782520000000004,5.0,8.0
CUR,COc1cc(C2CC(C(=NNc3ccc(C)cc3)C3=NC(=S)NC(c4ccc(O)c(OC)c4)C3)=NC(=S)N2)ccc1O,602.7420000000002,5.112320000000006,5.0,8.0
CUR,COc1cc(C2CC(C(=NNc3ccc(C)cc3)C3=NC(=N)NC(c4ccc(O)c(OC)c4)C3)=NC(=N)N2)ccc1O,568.6380000000003,4.412060000000003,7.0,8.0
CUR,COc1cc(C2CC(C(=NNc3ccc(C)cc3)C3=Nc4ncccc4NC(c4ccc(O)c(OC)c4)C3)=Nc3ncccc3N2)ccc1O,668.7580000000002,7.6405200000000075,5.0,12.0
CUR,COc1cc(C2C=C(C(=NNc3ccc(C)cc3)C3=CC(c4ccc(O)c(OC)c4)ON3)NO2)ccc1O,516.5540000000002,4.511320000000004,5.0,10.0
CUR,CCN1N=C(C(=NNc2ccccc2)C2=NN(CC)C(c3ccc(O)c(OC)c3)C2)CC1c1ccc(O)c(OC)c1,556.6670000000003,5.528700000000006,3.0,10.0
CUR,COC(=O)CCC(C(=O)/C=C/c1ccc(O)c(OC(F)(F)F)c1)C(=O)/C=C/c1ccc(O)c(OC(F)(F)F)c1,562.4150000000003,5.329200000000004,2.0,8.0
CUR,O=C(O)CCC(C(=O)/C=C/c1ccc(O)c(OC(F)(F)F)c1)C(=O)/C=C/c1ccc(O)c(OC(F)(F)F)c1,548.3880000000003,5.240800000000003,3.0,7.0
CUR,C=CC(=O)NC(c1ccccc1)C(C(=O)/C=C/c1cccc(O)c1)C(=O)/C=C/c1cccc(O)c1,467.5210000000002,4.622300000000005,3.0,5.0
CUR,CC(=O)NC(c1ccccc1)C(C(=O)/C=C/c1cc(O)cc(O)c1)C(=O)/C=C/c1cc(O)cc(O)c1,487.50800000000015,3.8674000000000026,5.0,7.0
CUR,O=C(/C=C(\O)c1ccccc1)c1ccccc1O,240.258,3.1740000000000017,2.0,3.0
CUR,O=C(/C=C(\O)c1ccccc1)c1cc(-c2cccc(F)c2)ccc1O,334.34600000000006,4.980100000000004,2.0,3.0
CUR,COc1cccc(C(=O)/C=C/c2ccccc2N(O)O)c1,285.29900000000004,3.176100000000001,2.0,5.0
CUR,COc1ccc(/C=C/C(=O)/C=C/c2ccc(I)cc2)cc1,390.22,4.595500000000004,0.0,2.0
CUR,COc1cc(/C=C/C(=O)/C=C/c2ccc(O)c(OC)c2)ccc1O,326.348,3.4107000000000025,2.0,5.0
CUR,COc1ccc(/C=C/C(=O)/C=C/c2cc(C)c(O)c(OC)c2)cc1OC,354.4020000000001,4.022120000000003,1.0,5.0
CUR,O=C(C1=C(O)/C(=C/c2ccc(O)c(O)c2)CCC1)c1ccccc1,322.35999999999996,4.360100000000004,3.0,4.0
CUR,COc1cc(/C=C2\CCCC(C(=O)c3ccccc3)=C2O)ccc1O,336.38700000000006,4.663100000000004,2.0,4.0
CUR,COc1ccc(C(=O)/C=C(\O)c2ccccc2)c(O)c1,270.284,3.1826000000000008,2.0,4.0
CUR,O=C(/C=C(O)/C=C/c1ccccc1)c1ccccc1O,266.296,3.730200000000002,2.0,3.0
CUR,O=C(C1=C(O)/C(=C/c2ccccc2)CCC1)c1ccc(O)c(O)c1,322.36,4.360100000000004,3.0,4.0
CUR,C#CCOc1ccc(/C=C2\CCC/C(=C\c3ccc(OCC#C)c(OC)c3)C2)cc1OC,428.5280000000002,5.768800000000006,0.0,4.0
CUR,COc1cccc(/C=C2\CCC/C(=C\c3ccc(C)cc3)C2=O)c1OC,348.44200000000006,5.232220000000005,0.0,3.0
CUR,Cc1ccc(/C=C2\CCC/C(=C\c3cc(C=O)oc3C)C2=O)cc1,320.38800000000003,4.928940000000003,0.0,3.0
CUR,COc1ccc(/C=C2\CCC/C(=C\c3ccc(O)c(OC)c3)C2=O)cc1,350.41400000000004,4.629400000000004,1.0,4.0
CUR,COc1cc(/C=C2\CCC/C(=C\c3ccc(O)cc3)C2=O)ccc1O,336.38700000000006,4.326400000000005,2.0,4.0
CUR,COc1ccc(/C=C2\CCC/C(=C\c3ccc(-c4ccc(Br)cc4)cc3)C2=O)cc1OC,489.4090000000001,7.353300000000007,0.0,3.0
CUR,O=C1/C(=C/c2cc(/N=C/c3ccc(O)c(O)c3O)ccc2F)CNC/C1=C\c1cc(/N=C/c2ccc(O)c(O)c2O)ccc1F,613.5730000000003,5.338900000000008,7.0,10.0
CUR,C=CCc1cc(/C=C/C(=O)/C=C/c2cc(Br)ccc2Br)ccc1OC,462.1810000000001,6.244400000000004,0.0,2.0
CUR,C=CCc1cc(/C=C2\CC/C(=C\c3ccc(O)c(CC=C)c3)C2=O)ccc1O,372.46400000000006,5.384700000000006,2.0,3.0
CUR,C=CCc1cc(/C=C2\CNC/C(=C\C3=CC=C(O)C(CC=C)C3)C2=O)ccc1O,389.4950000000002,4.567100000000004,3.0,4.0
CUR,C=CCc1cc(/C=C2\CN(C3CC3)C/C(=C\c3ccc(N4CCN(C)CC4)cc3)C2=O)ccc1O,469.62900000000025,4.386600000000005,1.0,5.0
CUR,C=CCc1cc(/C=C2\CSC/C(=C\c3ccc(O)c(CC=C)c3)C2=O)ccc1O,404.5310000000002,5.337700000000006,2.0,4.0
CUR,COc1ccccc1/C=C/C(=O)/C=C/c1ccc(OCCCN2CCOCC2)c(OC)c1,437.5360000000004,4.100600000000003,0.0,6.0
CUR,CN(C)Cc1cc(/C=C2\CCC/C(=C\c3ccc(O)c(CN(C)C)c3)C2=O)ccc1O,420.55300000000017,4.441000000000005,2.0,5.0
CUR,CN(C)Cc1cc(/C=C2\CNC/C(=C\c3cc(CN(C)C)c(O)c(CN(C)C)c3)C2=O)cc(CN)c1O,507.6790000000003,2.3806,4.0,8.0
CUR,CN(C)Cc1cc(/C=C/C(=O)/C=C/c2ccc(O)c(CN(C)C)c2)ccc1O,380.4880000000001,3.5167000000000033,2.0,5.0
CUR,O=C1/C(=C/c2ccccc2F)CNC/C1=C\c1ccccc1F,311.33099999999996,3.6041000000000025,1.0,2.0
CUR,O=C1/C(=C/c2ccc(OCc3ccccc3)cc2)CNC/C1=C\c1ccc(OCc2ccccc2)cc1,487.5990000000002,6.4839000000000055,1.0,4.0
CUR,CC(=O)N1C/C(=C\c2ccc(Oc3ccccc3)cc2)C(=O)/C(=C/c2ccc(Oc3ccccc3)cc2)C1,501.5820000000003,7.169400000000006,0.0,4.0
CUR,O=C1/C(=C/c2ccccc2)CN(C(c2ccc(F)cc2)P(=O)(O)O)C/C1=C\c1ccc(F)cc1,481.4350000000001,5.193000000000006,2.0,3.0
CUR,NOP(=O)(O)C(c1ccc(F)cc1)N1C/C(=C\c2ccccc2)C(=O)/C(=C/c2ccc(F)cc2)C1,496.4500000000002,5.091000000000004,2.0,5.0
CUR,COc1cc(/C=C2\CC/C(=C\c3c[nH]c4ccc(Br)cc34)C2=O)ccc1O,424.2940000000001,5.4745000000000035,2.0,3.0
CUR,CCN(CC)c1ccc(/C=C/C(=O)/C=C/c2ccc(OC)c(OC)c2)cc1,365.4730000000001,4.845700000000004,0.0,4.0
CUR,CN1C/C(=C\c2cn(-c3ccccc3)nc2-c2ccccc2)C(=O)/C(=C/c2cn(-c3ccccc3)nc2-c2ccccc2)C1,573.7000000000003,7.373500000000008,0.0,6.0
CUR,COc1ccc(-c2nn(-c3ccccc3)cc2/C=C2\CN(C)C/C(=C\c3cn(-c4ccccc4)nc3-c3ccc(OC)cc3)C2=O)cc1,633.7520000000003,7.390700000000008,0.0,8.0
CUR,O=C1/C(=C/c2cn(-c3ccccc3)nc2-c2ccccc2)CN(Cc2ccccc2)C/C1=C\c1cn(-c2ccccc2)nc1-c1ccccc1,649.7980000000002,8.943900000000003,0.0,6.0
CUR,O=C1/C(=C/c2cn(-c3ccccc3)nc2-c2ccccc2)CNC/C1=C\c1cn(-c2ccccc2)nc1-c1ccccc1,559.6730000000003,7.031300000000006,1.0,6.0
CUR,COc1ccc(-c2nn(-c3ccccc3)cc2/C=C2\CCCC/C(=C\c3cn(-c4ccccc4)nc3-c3ccc(OC)cc3)C2=O)cc1,632.7640000000004,9.019300000000003,0.0,7.0
CUR,O=C1/C(=C/c2cn(-c3ccccc3)nc2-c2ccccc2)CCCC/C1=C\c1cn(-c2ccccc2)nc1-c1ccccc1,572.7120000000004,9.0021,0.0,5.0
CUR,CCCCNC(=C\C(=O)/C=C/c1ccc(O)c(OC)c1)/C=C/c1ccc(O)c(OC)c1,423.5090000000001,4.684300000000005,3.0,6.0
CUR,CC(C)CNC(=C\C(=O)/C=C/c1ccc(O)cc1)/C=C/c1ccc(O)cc1,363.45700000000005,4.523000000000004,3.0,4.0
CUR,CCC(C)NC(=C\C(=O)/C=C/c1ccc(O)cc1)/C=C/c1ccc(O)cc1,363.4570000000001,4.665500000000005,3.0,4.0
CUR,O=C(/C=C(/C=C/c1ccc(O)cc1)NC1CCCCC1)/C=C/c1ccc(O)cc1,389.4950000000001,5.199700000000004,3.0,4.0
CUR,COc1cc(/C=C/C(=O)CC(=O)/C=C/c2ccc(O)cc2)ccc1O,338.35900000000004,3.361300000000002,2.0,5.0
CUR,O=C(/C=C/c1ccc(O)cc1)CC(=O)/C=C/c1ccc(O)cc1,308.333,3.3527000000000022,2.0,4.0
CUR,O=C(/C=C/c1ccc(O)c(O)c1)CC(=O)/C=C/c1ccc(O)c(O)c1,340.331,2.7639000000000022,4.0,6.0
CUR,COc1cc(/C=C/C=C/C(=O)/C=C/c2ccc(O)c(OC)c2)ccc1O,352.3860000000001,3.966900000000003,2.0,5.0
CUR,COc1cc(CC/C=C/C(=O)CCc2ccc(O)c(OC)c2)ccc1O,356.41800000000006,3.805700000000003,2.0,5.0
CUR,O=C(CCc1ccccc1)CC(O)CCc1ccccc1,282.383,3.5721000000000025,1.0,2.0
CUR,COc1cc(CC/C=C/C(=O)CCc2ccccc2)ccc1O,310.39300000000003,4.091500000000004,1.0,3.0
CUR,O=C(/C=C/CCc1ccc(O)cc1)CCc1ccccc1,280.367,4.082900000000003,1.0,2.0
CUR,O=C(CCc1ccccc1)CC(O)/C=C/c1ccc(O)cc1,296.366,3.3583000000000025,2.0,3.0
CUR,CCOC(CCc1ccc(O)c(OC)c1)CC(=O)CCc1ccccc1,356.4620000000001,4.330500000000004,1.0,4.0
CUR,O=C(/C=C(\O)CCc1ccc(O)cc1)CCc1ccccc1,296.366,3.968600000000002,2.0,3.0
CUR,O=C(/C=C/C=C/c1ccccc1)/C=C/C=C/c1ccccc1,286.374,5.094700000000004,0.0,1.0
CUR,O=C1/C(=C/C=C/c2ccccc2)CC/C1=C\C=C\c1ccccc1,312.412,5.628900000000005,0.0,1.0
CUR,O=C1/C(=C/C=C/c2ccccc2)CCC/C1=C\C=C\c1ccccc1,326.439,6.0190000000000055,0.0,1.0
CUR,O=C(/C=C/C=C/c1ccnc2ccccc12)/C=C/C=C/c1ccnc2ccccc12,388.4700000000001,6.191100000000005,0.0,3.0
CUR,CCC(CC)N1CCNC1/C=C/C=C/C(=O)/C=C/CCc1nccn1C(CC)CC,412.6220000000003,4.834400000000005,1.0,5.0
CUR,O=C(/C=C/C=C/c1ccncc1F)/C=C/C=C/c1ccncc1F,324.33,4.162900000000003,0.0,3.0
CUR,CC(C)n1ccnc1/C=C/C=C/C(=O)/C=C/c1nccn1C(C)C,324.42800000000005,4.093300000000004,0.0,5.0
CUR,CC(C)Cn1ccnc1/C=C/C=C/C(=O)/C=C/c1nccn1CC(C)C,352.4820000000001,4.243500000000004,0.0,5.0
CUR,CCC(C)n1ccnc1/C=C/C=C/C(=O)/C=C/c1nccn1C(C)CC,352.48200000000014,4.873500000000004,0.0,5.0
CUR,CCCC(C)n1ccnc1/C=C/C=C/C(=O)/C=C/c1nccn1C(C)CCC,380.5360000000002,5.653700000000006,0.0,5.0
CUR,CCC(CC)n1ccnc1/C=C/C=C/C(=O)/C=C/c1nccn1C(CC)CC,380.5360000000002,5.653700000000006,0.0,5.0
CUR,CC(C)n1c(/C=C/C=C/C(=O)/C=C/c2nc3ccccc3n2C(C)C)nc2ccccc21,424.5480000000001,6.399700000000006,0.0,5.0
CUR,CC(C)Cn1c(/C=C/C=C/C(=O)/C=C/c2nc3ccccc3n2CC(C)C)nc2ccccc21,452.6020000000002,6.549900000000006,0.0,5.0
CUR,CCC(C)n1c(/C=C/C=C/C(=O)/C=C/c2nc3ccccc3n2C(C)CC)nc2ccccc21,452.6020000000002,7.179900000000007,0.0,5.0
CUR,CCCC(C)n1c(/C=C/C=C/C(=O)/C=C/c2nc3ccccc3n2C(C)CCC)nc2ccccc21,480.65600000000023,7.960100000000008,0.0,5.0
CUR,CCC(CC)n1c(/C=C/C=C/C(=O)/C=C/c2nc3ccccc3n2C(CC)CC)nc2ccccc21,480.65600000000023,7.960100000000008,0.0,5.0
CUR,Cc1nc(C(F)(F)F)c(/C=C/C=C/C(=O)/C=C/C2=NC3C=CC=CC3N2C(C)C)s1,433.49900000000014,5.150720000000004,0.0,5.0
CUR,Cc1nc(C(F)(F)F)c(/C=C/C(=O)/C=C/c2sc(C)nc2C(F)(F)F)s1,412.3800000000001,5.549740000000003,0.0,5.0
CUR,CC(C)n1c(/C=C/C(=O)/C=C/c2ccccn2)nc2ccccc21,317.39200000000005,4.307900000000004,0.0,4.0
CUR,CCC(C)n1ccnc1/C=C/C(=O)/C=C/c1sc(C)nc1C(F)(F)F,369.4120000000001,4.933520000000004,0.0,5.0
CUR,CCn1c(/C=C/C(=O)/C=C/c2sc(C)nc2C(F)(F)F)nc2ccccc21,391.418,5.135620000000004,0.0,5.0
CUR,COc1ccc(OC)c(/C=C/C(=O)/C=C/c2c[nH]c3ccccc23)c1,333.38700000000006,4.480800000000004,1.0,3.0
CUR,COc1cc(/C=C/C(=O)/C=C/c2c[nH]c3ccccc23)cc(OC)c1OC,363.4130000000002,4.489400000000003,1.0,4.0
CUR,COc1ccc2cc(/C=C3\CNC/C(=C\c4cc5ccc(C)cc5nc4Cl)C3=O)c(Cl)nc2c1,490.3900000000001,6.046120000000005,1.0,5.0
CUR,O=C1/C(=C/c2cc3cc(F)ccc3nc2Cl)CNC/C1=C\c1cc2cc(F)ccc2nc1Cl,482.3170000000001,6.007300000000003,1.0,4.0
CUR,O=C1/C(=C/c2cc3ccccc3nc2Cl)CNC/C1=C\c1cc2ccccc2nc1Cl,446.3370000000002,5.729100000000003,1.0,4.0
CUR,O=C1/C(=C/C=C/c2ccccc2)N=C(/C=C/c2ccccc2)N1c1ccccc1,376.45900000000006,5.742400000000005,0.0,2.0
CUR,COc1cc(/C=C/C=C2\N=C(/C=C/c3ccccc3)NC2=O)ccc1O,346.3860000000001,3.5396000000000023,2.0,4.0
CUR,C=C/C=C(C)/C=C/C1=N/C(=C\C=C\c2ccccc2)C(=O)N1,290.36600000000004,3.800500000000003,1.0,2.0
CUR,CCCNC(=O)/C(=C/C=C/c1ccccc1)NC(=O)/C=C/c1ccccc1,360.4570000000001,3.9395000000000024,2.0,2.0
CUR,COc1cc(/C=C/c2cc(/C=C/c3ccc(O)c(O)c3)n(-c3cccc(Cl)c3)n2)ccc1O,460.9170000000001,5.991900000000006,3.0,6.0
CUR,COc1cc(/C=C/c2cc(/C=C/c3ccc(O)c(OC)c3)n(C(=O)c3ccncc3)n2)ccc1O,469.4970000000001,4.735800000000005,2.0,8.0
CUR,CN(C)c1ccc(/C=C/c2cc(/C=C/c3ccc(N(C)C)cc3)[nH]n2)cc1,358.48900000000003,4.882500000000004,1.0,3.0
CUR,CN(C)c1ccc(/C=C/c2cc(/C=C/c3ccc(N(C)C)cc3)n(-c3ccccc3)n2)cc1,434.5870000000001,6.345100000000007,0.0,4.0
CUR,COc1cc(OCc2ccccn2)ccc1/C=C/c1cc(/C=C/c2ccc3cc[nH]c3c2)[nH]n1,448.5260000000001,6.214400000000006,2.0,4.0
CUR,COc1cc(/C=C/c2cc(/C=C/c3ccc(O)c(OC)c3)n(-c3ccccn3)n2)ccc1O,441.4870000000001,5.0365000000000055,2.0,7.0
CUR,COc1cc(/C=C/c2cc(/C=C/c3ccc(O)c(OC)c3)n(-c3ccc(Cl)nn3)n2)ccc1O,476.92000000000013,5.084900000000005,2.0,8.0
CUR,COc1cc(/C=C/c2cc(/C=C/c3ccc(O)c(OC)c3)[nH]n2)ccc1O,364.401,4.178900000000003,3.0,5.0
CUR,COc1cc(/C=C/c2cc(CCc3ccc(OC(C)=O)c(OC)c3)on2)ccc1OC(C)=O,451.4750000000002,4.498000000000003,0.0,8.0
CUR,COc1cc(/C=C/C(=O)/C=C/c2ccc(OC3CC3)c(OC)c2)ccc1OC1CC1,406.4780000000002,5.0819000000000045,0.0,5.0
CUR,COc1cc(F)c(/C=C2\CN(C)C/C(=C\c3cc(OC)c(OC)cc3F)C2=O)cc1OC,445.4620000000002,3.9807000000000032,0.0,6.0
CUR,COc1cc(OC)c(OC)cc1/C=C1\CN(C)C/C(=C\c2cc(OC)c(OC)cc2OC)C1=O,469.5340000000003,3.7197000000000022,0.0,8.0
CUR,CCc1cc(/C=C/C=C2\COC/C(=C\c3ccc(Cl)cc3)C2=O)ccc1O,380.87100000000004,5.2305000000000055,1.0,3.0
CUR,COc1cc(/C=C/C=C2\COC/C(=C\c3ccc(F)cc3)C2=O)ccc1O,366.38800000000003,4.162400000000003,1.0,4.0
CUR,COc1ccc(/C=C2\COCCC2=O)cc1O,234.25099999999995,1.7735999999999996,1.0,4.0
CUR,COc1ccc(/C=C2\COCCC2=O)cc1OC,248.27799999999993,2.0766,0.0,4.0
CUR,COc1cccc(/C=C2\CN(C)CCC2=O)c1,231.29499999999993,1.9831999999999999,0.0,3.0
CUR,COc1ccc(/C=C2\CN(C)CCC2=O)cc1OC,261.32099999999997,1.9918,0.0,4.0
CUR,CN1CCC(=O)/C(=C/c2ccc(O)cc2)C1,217.268,1.6802,1.0,3.0
CUR,COc1cc(/C=C/C=C2\CN(C)C/C(=C\c3ccc(O)cc3)C2=O)ccc1O,377.44000000000005,3.644100000000003,2.0,5.0
CUR,CN1CCC(=O)/C(=C/c2ccc(Br)c(Br)c2)C1,359.06100000000004,3.4996000000000027,0.0,2.0
CUR,COc1cc(/C=C/C=C2\CN(C)C/C(=C\c3ccc(Br)c(Br)c3)C2=O)ccc1O,519.2330000000001,5.463500000000005,1.0,4.0
CUR,CN1CCC(=O)/C(=C/c2ccc(Cl)c(Cl)c2)C1,270.15900000000005,3.2814000000000023,0.0,2.0
CUR,COc1cc(/C=C/C=C2\CN(C)C/C(=C\c3ccc(Cl)c(Cl)c3)C2=O)ccc1O,430.3310000000001,5.245300000000006,1.0,4.0
CUR,CN1CCC(=O)/C(=C/c2ccc(F)c(F)c2)C1,237.24899999999997,2.2528000000000006,0.0,2.0
CUR,COc1cc(/C=C/C=C2\CN(C)C/C(=C\c3ccc(F)c(F)c3)C2=O)ccc1O,397.42100000000005,4.216700000000004,1.0,4.0
CUR,COc1cc(/C=C/C=C2\CN(C)C/C(=C\c3ccc(OC)c(OC)c3)C2=O)ccc1O,421.49300000000017,3.9557000000000033,1.0,6.0
CUR,CN1CCC(=O)/C(=C/c2ccc(O)c(O)c2)C1,233.267,1.3858,2.0,4.0
CUR,COc1cc(/C=C/C=C2\CN(C)C/C(=C\c3ccc(O)c(O)c3)C2=O)ccc1O,393.4390000000001,3.3497000000000035,3.0,6.0
CUR,COc1cc(/C=C/c2cc(/C=C/c3ccc(O)c(OC)c3)n(CCO)n2)ccc1O,408.4540000000001,3.6446000000000027,3.0,7.0
CUR,COc1cc(/C=C/c2cc(/C=C/c3ccc(O)c(OC)c3)on2)ccc1O,365.38500000000005,4.443800000000003,2.0,6.0
CUR,O=C1CCOC/C1=C\c1ccc(Br)cc1,267.122,2.821900000000001,0.0,2.0
CUR,COc1cc(/C=C/C=C2\COC/C(=C\c3ccc(Br)cc3)C2=O)ccc1O,427.29400000000004,4.7858000000000045,1.0,4.0
CUR,COc1cccc(/C=C2\COCCC2=O)c1,218.25199999999992,2.0679999999999996,0.0,3.0
CUR,COc1cc(/C=C/C=C2\COC/C(=C\c3ccc(Cl)cc3)C2=O)ccc1O,382.843,4.676700000000005,1.0,4.0
CUR,O=C1CCOC/C1=C\c1ccc(Cl)cc1,222.67100000000002,2.7128000000000005,0.0,2.0
CUR,O=C1CCOC/C1=C\c1cccc(F)c1,206.216,2.1985,0.0,2.0
CUR,O=C1CCOC/C1=C\c1cccc(O)c1,204.22500000000002,1.765,1.0,3.0
CUR,COc1cc(/C=C/C=C2\COC/C(=C\c3cccc(O)c3)C2=O)ccc1O,364.39700000000005,3.7289000000000025,2.0,5.0
CUR,COc1cc(/C=C/C=C2\COC/C(=C\c3ccc(Br)c(Br)c3)C2=O)ccc1O,506.19000000000005,5.548300000000005,1.0,4.0
CUR,O=C1CCOC/C1=C\c1ccc(Br)c(Br)c1,346.01800000000003,3.5844000000000023,0.0,2.0
CUR,O=C1CCOC/C1=C\c1ccc(F)c(F)c1,224.206,2.3376,0.0,2.0
CUR,COc1cc(/C=C/C=C2\COC/C(=C\c3ccc(F)c(F)c3)C2=O)ccc1O,384.37800000000004,4.301500000000004,1.0,4.0
CUR,COc1ccc(/C=C2\COC/C(=C\C=C\c3ccc(O)c(OC)c3)C2=O)cc1O,394.4230000000001,3.737500000000003,2.0,6.0
CUR,COc1cc(/C=C/C=C2\COC/C(=C\c3ccc(OC)c(OC)c3)C2=O)ccc1O,408.4500000000001,4.040500000000004,1.0,6.0
CUR,O=C1CCOC/C1=C\c1ccc(O)c(O)c1,220.22400000000002,1.4706,2.0,4.0
CUR,COc1cc(/C=C/C=C2\COC/C(=C\c3ccc(O)c(O)c3)C2=O)ccc1O,380.3960000000001,3.434500000000003,3.0,6.0
CUR,COc1cccc(/C=C2\CN(C)C/C(=C\C=C\c3ccc(O)c(OC)c3)C2=O)c1,391.4670000000001,3.9471000000000025,1.0,5.0
CUR,CN1CCC(=O)/C(=C/c2cccc(Br)c2)C1,280.165,2.7371000000000008,0.0,2.0
CUR,COc1cc(/C=C/C=C2\CN(C)C/C(=C\c3ccc(Br)cc3)C2=O)ccc1O,440.33700000000005,4.701000000000005,1.0,4.0
CUR,COc1cc(/C=C/C=C2\CN(C)C/C(=C\c3ccc(Cl)cc3)C2=O)ccc1O,395.886,4.591900000000005,1.0,4.0
CUR,CN1CCC(=O)/C(=C/c2ccc(Br)cc2)C1,280.165,2.7371000000000008,0.0,2.0
CUR,CCc1cc(/C=C/C=C2\CN(C)C/C(=C\c3ccc(Cl)cc3)C2=O)ccc1O,393.91400000000004,5.145700000000006,1.0,3.0
CUR,CN1CCC(=O)/C(=C/c2ccc(F)cc2)C1,219.259,2.1137,0.0,2.0
CUR,COc1cc(/C=C/C(C)=O)ccc1CCNC(=O)OC(C)(C)C,319.40100000000007,3.364600000000002,1.0,4.0
CUR,COc1cc(CC/C(O)=C/C(=O)CCc2ccc(O)cc2)ccc1O,342.391,3.6828000000000025,3.0,5.0
CUR,CC(C)=CC(=O)CC(C)C1C=CC(C)=CC1,218.34,4.070300000000003,0.0,1.0
CUR,C=C1C=CC(C(C)CC(=O)/C=C(\C)CC)CC1,232.36699999999993,4.4604000000000035,0.0,1.0
CUR,O=C(/C=C(O)/C=C/c1cc(O)cc(O)c1)/C=C/c1cc(O)cc(O)c1,340.3310000000001,3.246600000000001,5.0,6.0
CUR,O=C(/C=C(O)/C=C/c1cc(O)cc(O)c1)c1cc(O)cc(O)c1,314.293,2.8470000000000004,5.0,6.0
CUR,O=C(/C=C(O)/C=C/c1ccc(O)c(O)c1)c1cc(O)cc(O)c1,314.293,2.8470000000000004,5.0,6.0
CUR,O=C(/C=C(O)/C=C/c1ccc(O)cc1)c1cc(O)cc(O)c1,298.29400000000004,3.141400000000001,4.0,5.0
CUR,COc1cc(/C=C/C(C)=O)ccc1CCc1cn(CCOC2OC(COC(C)=O)C(OC(C)=O)C(OC(C)=O)C2NOC(C)=O)nn1,660.6770000000002,1.278400000000002,1.0,16.0
CUR,CCN(CC)CCOc1ccc(/C=C/C(C)=O)cc1OC,291.3910000000001,3.0180000000000016,0.0,4.0
CUR,COc1cc(/C=C/C(C)=O)cc(CN(C)CCCN(C)C)c1OC,334.46000000000004,2.6895000000000007,0.0,5.0
CUR,COc1cc(/C=C/C(=O)/C=C(O)/C=C/c2ccc(O)c(OC)c2)ccc1O,368.3850000000001,3.852600000000003,3.0,6.0
CUR,COc1cc(CCC(=O)/C=C(\O)CCc2ccc(O)c(OC)c2)ccc1O,372.4170000000001,3.691400000000003,3.0,6.0
CUR,COc1cc(C(C)CC(=O)C=C(C)C)ccc1O,248.322,3.4297000000000026,1.0,3.0
CUR,COc1cc(/C=C/C(=O)CC(=O)/C=C/c2ccc(O)c(OC)c2)ccc1O,368.3850000000001,3.3699000000000026,2.0,6.0
CUR,COc1cc(/C=C/C(=O)/C=C(O)/C=C/c2cc(OC)cc(OC)c2)cc(OC)c1,396.43900000000014,4.458600000000003,1.0,6.0
CUR,COc1cc(/C=C/C(O)=C/C(=O)c2cc(OC)cc(OC)c2)cc(OC)c1,370.4010000000001,4.059000000000003,1.0,6.0
CUR,COc1cc(OC)cc(C(=O)/C=C(O)/C=C/c2ccc(O)c(OC)c2)c1,356.3740000000001,3.756000000000002,2.0,6.0
CUR,COc1cc(OC)cc(C(=O)/C=C(O)/C=C/c2ccc(O)cc2)c1,326.348,3.7474000000000016,2.0,5.0
CUR,COc1cc(OC)cc(C(=O)/C=C(O)/C=C/c2cc(OC)c(OC)c(OC)c2)c1,400.4270000000002,4.067600000000003,1.0,7.0
CUR,COc1cc(OC)cc(C(=O)/C=C(O)/C=C/c2cc(OC)c(O)c(OC)c2)c1,386.40000000000015,3.7646000000000024,2.0,7.0
CUR,COc1cc(/C=C/C(O)=C/C(=O)c2ccc(OC)c(OC)c2)cc(OC)c1,370.4010000000001,4.059000000000003,1.0,6.0
CUR,Cc1cc(/C=C/C(=O)/C=C/c2cc(C)c(OC3CC3)c(C)c2)cc(C)c1OC1CC1,402.53400000000016,6.298380000000006,0.0,3.0
CUR,CN1C/C(=C\c2ccccc2O)C(=O)/C(=C/c2ccccc2O)C1,321.37600000000003,3.0793000000000017,2.0,4.0
CUR,CN1C/C(=C\c2nccn2C)C(=O)/C(=C/c2nccn2C)C1,297.362,1.1351,0.0,6.0
CUR,CC(C)n1ccnc1/C=C1\CN(C)C/C(=C\c2nccn2C(C)C)C1=O,353.4700000000001,3.222900000000002,0.0,6.0
CUR,CCC(C)n1ccnc1/C=C1\CN(C)C/C(=C\c2nccn2C(C)CC)C1=O,381.5240000000001,4.003100000000003,0.0,6.0
CUR,CN1C/C(=C\c2ccnn2C)C(=O)/C(=C/c2ccnn2C)C1,297.362,1.1351000000000002,0.0,6.0
CUR,CN1C/C(=C\c2nccs2)C(=O)/C(=C/c2nccs2)C1,303.41200000000003,2.581100000000001,0.0,6.0
CUR,CN1C/C(=C\c2cscn2)C(=O)/C(=C/c2cscn2)C1,303.41200000000003,2.581100000000001,0.0,6.0
CUR,Cc1nc(/C=C2\CN(C)C/C(=C\c3coc(C)n3)C2=O)co1,299.33,2.2609400000000006,0.0,6.0
CUR,Cc1cc(/C=C2\CN(C)C/C(=C\c3cc(C)on3)C2=O)no1,299.33000000000004,2.2609400000000006,0.0,6.0
CUR,Cc1cc(/C=C2\CN(C)C/C(=C\c3cc(C)no3)C2=O)on1,299.33000000000004,2.2609400000000006,0.0,6.0
CUR,CN1C/C(=C\c2ccccn2)C(=O)/C(=C/c2ccccn2)C1,291.35400000000004,2.458100000000001,0.0,4.0
CUR,COc1ccc(OC)c(/C=C2\CCC/C(=C\c3cc(OC)ccc3OC)C2=O)c1,394.4670000000001,4.941000000000004,0.0,5.0
CUR,COc1cc(/C=C2\CCC/C(=C\c3cc(OC)c(OC)c(OC)c3)C2=O)cc(OC)c1OC,454.5190000000003,4.958200000000005,0.0,7.0
CUR,CN1C/C(=C\c2cccnc2)C(=O)/C(=C/c2cccnc2)C1,291.354,2.458100000000001,0.0,4.0
CUR,COc1cc(/C=C/C(=O)/C=C/c2cc(OC)c(OC)c(OC)c2)cc(OC)c1OC,414.45400000000024,4.033900000000004,0.0,7.0
CUR,CCCOc1cc(/C=C/C(=O)/C=C/c2cc(OCOC)cc(OCOC)c2)cc(OCOC)c1,472.5340000000003,4.719200000000004,0.0,8.0
CUR,COc1cc(/C=C/C(=O)/C=C/c2cccc(O)c2)cc(OC)c1OC,340.37500000000017,3.713700000000003,1.0,5.0
CUR,COc1cc(/C=C/C(=O)/C=C/c2cc(OC)c(OC3CC3)c(OC)c2)cc(OC)c1OC1CC1,466.53000000000037,5.099100000000005,0.0,7.0
CUR,COc1ccccc1/C=C/C(=O)/C=C/c1ccccc1OC,294.3500000000001,3.999500000000003,0.0,3.0
CUR,CC(=O)c1ccccc1/C=C/C(=O)/C=C/c1ccccc1C(C)=O,318.37200000000007,4.387500000000004,0.0,3.0
CUR,COc1cc(F)c(/C=C2\CCC/C(=C\c3cc(OC)c(OC)cc3F)C2=O)cc1OC,430.4470000000002,5.219200000000004,0.0,5.0
CUR,COc1ccc(OC)c(/C=C2\CN(C)C/C(=C\c3cc(OC)ccc3OC)C2=O)c1,409.48200000000014,3.7025000000000023,0.0,6.0
CUR,COc1ccc(OC)c(/C=C2/C(=O)/C(=C/c3cc(OC)ccc3OC)C3CCC2N3C)c1,435.5200000000002,4.233500000000003,0.0,6.0
CUR,COc1cc(OC)c(OC)cc1/C=C1/C(=O)/C(=C/c2cc(OC)c(OC)cc2OC)C2CCC1N2C,495.57200000000034,4.250700000000004,0.0,8.0
CUR,COc1cc(F)c(/C=C2/C(=O)/C(=C/c3cc(OC)c(OC)cc3F)C3CCC2N3C)cc1OC,471.5000000000003,4.511700000000004,0.0,6.0
CUR,COc1ccc(/C=C/C(C)=O)cc1OC,206.24099999999996,2.306,0.0,3.0
CUR,COc1ccc(/C=C/C(=O)CCc2ccc(OC)c(OC)c2)cc1OC,356.41800000000006,3.9361000000000033,0.0,5.0
CUR,COc1cc(/C=C/C(=O)CCc2ccc(O)c(OC)c2)ccc1O,328.36400000000003,3.330100000000002,2.0,5.0
CUR,COc1cc(/C=C2\CN(C)CC(Cc3ccc(O)c(OC)c3)C2=O)ccc1O,383.44400000000013,2.8718000000000017,2.0,6.0
CUR,C#COc1ccc(/C=C/C(=O)OC)cc1OC,232.23499999999993,1.8509,0.0,4.0
CUR,C=COc1ccc(/C=C/C(=O)OC)cc1OC,234.25099999999995,2.4037000000000006,0.0,4.0
CUR,O=C(/C=C/c1ccc2ccccc2c1)C1CCc2ccccc2C1,312.41200000000003,5.227200000000004,0.0,1.0
CUR,O=C(CCc1ccccc1)c1ccccc1,210.276,3.502100000000002,0.0,1.0
CUR,CCN(CC)c1ccc(/C=C/C(=O)c2cccc(-n3cc(C(C)(C)O)nn3)c2)cc1,404.5140000000001,4.237000000000004,1.0,6.0
CUR,CCN(CC)c1ccc(/C=C/C(=O)c2cccc(-n3cc(-c4ccc(Br)cc4)nn3)c2)cc1,501.4280000000001,6.439100000000006,0.0,5.0
CUR,O=C1/C(=C/c2ccccn2)CCC/C1=C\c1ccccn1,276.33899999999994,3.6966000000000028,0.0,3.0
CUR,COc1cc(/C=C/C(=O)CC(=O)/C=C/c2ccc(OP(=O)(OCc3ccccc3)OCc3ccccc3)c(OC)c2)ccc1O,628.6140000000003,7.584800000000008,1.0,9.0
CUR,COc1cc(/C=C/C(=O)CC(=O)/C=C/c2ccc(P(=O)(OCc3ccccc3)OCc3ccccc3)c(OC)c2)ccc1OP(=O)(OCc1ccccc1)OCc1ccccc1,872.8440000000002,11.131199999999989,0.0,11.0
CUR,COc1cc(/C=C/C(=O)CC(=O)/C=C/c2ccc(OCCN(C)C)c(OC)c2)ccc1O,439.50800000000027,3.6047000000000033,1.0,7.0
CUR,COc1cc(/C=C/C(=O)CC(=O)/C=C/c2ccc(OCCN3CCCC3)c(OC)c2)ccc1O,465.5460000000004,4.138900000000004,1.0,7.0
CUR,COc1cc(/C=C/C(=O)CC(=O)/C=C/c2ccc(OC(=O)C(CC(C)C)NC(=O)OC(C)(C)C)c(OC)c2)ccc1O,581.6620000000004,5.509100000000006,2.0,9.0
CUR,COc1cc(/C=C/C(=O)CC(=O)/C=C/c2ccc(OC(=O)C(N)CC(C)C)c(OC)c2)ccc1O,481.5450000000003,3.9431000000000034,2.0,8.0
CUR,COc1cc(/C=C/C(=O)CC(=O)/C=C/c2ccc(OC(=O)C(CC(C)C)NC(=O)C(C)N)c(OC)c2)ccc1O,552.6240000000004,3.4478000000000013,3.0,9.0
CUR,COc1cc(/C=C/C(=O)CC(=O)/C=C/c2ccc(OC(=O)C(CC(C)C)NC(=O)C(N)CCSC)c(OC)c2)ccc1O,612.7450000000003,4.181000000000003,3.0,10.0
CUR,COc1cc(/C=C/C(=O)CC(=O)/C=C/c2ccc(OC(=O)C(CC(C)C)NC(=O)C(CCSC)NC(=O)OC(C)(C)C)c(OC)c2)ccc1O,712.8620000000002,5.747000000000006,3.0,11.0
CUR,CCC(C)(C)OC(=O)NC(C)C(=O)NC(CC(C)C)C(=O)Oc1ccc(/C=C/C(=O)CC(=O)/C=C/c2ccc(O)c(OC)c2)cc1OC,666.7680000000003,5.4039000000000055,3.0,10.0
CUR,COc1cc(/C=C/c2cc(/C=C/c3ccc(O)c(OC)c3)[nH]c(=O)n2)ccc1O,392.41100000000006,3.5391000000000026,3.0,6.0
CUR,COCc1c(/C=C/c2ccc(O)c(OC)c2)cc(/C=C/c2ccc(O)c(OC)c2)oc1=O,436.4600000000002,4.555400000000004,2.0,7.0
CUR,COc1cc(/C=C/c2cc(/C=C/c3ccc(O)c(OC)c3)[nH]c(=S)n2)ccc1O,408.47900000000004,4.908390000000004,3.0,6.0
CUR,COc1cc(/C=C/C2=C(C#N)C(=O)OC(/C=C/c3ccc(O)c(OC)c3)/C2=C(/C)c2ccc(Br)cc2)ccc1O,600.4650000000003,6.823380000000007,2.0,7.0
CUR,O=C(/C=C/c1ccccc1)c1ccccc1,208.26000000000002,3.5827000000000018,0.0,1.0
CUR,O=C(/C=C/c1c(Cl)cccc1Cl)c1ccccc1,277.15000000000003,4.889500000000003,0.0,1.0
CUR,Cc1ccc(C(=O)/C=C/c2c(Cl)cccc2Cl)cc1,291.177,5.197920000000003,0.0,1.0
CUR,O=C(/C=C/c1ccccc1)c1ccc2ccccc2c1,258.32,4.7359000000000036,0.0,1.0
CUR,O=C(/C=C/c1ccccn1)c1ccccc1,209.248,2.9777000000000013,0.0,2.0
